rsv_order,nwcc_id,rsv_name,rsv_province,rsv_cap,rsv_cap_lowest,rsv_lastyear_vol,rsv_lastyear_vol_percent,rsv_vol,rsv_vol_percent,rsv_inflow,rsv_outflow,rsv_water_user,rid_order
1,tmp_W5QE4BJ5GY,แม่ออน,เชียงใหม่,4.53,0.8,3.872,85.475,2.115,46.689,0,0,1.315,1
2,tmp_W5Q4PC21NS,ห้วยมะนาว,เชียงใหม่,4.3,0.1,1.946,45.256,1.348,31.349,0,0,1.248,3
3,tmp_W5Q1RJMT8C,โป่งจ้อ,เชียงใหม่,2.6,0.05,1.742,67,0.572,22,0,0,0.522,4
4,tmp_W5NJXWNVDY,แม่ตูบ,เชียงใหม่,39,0.5,20.854,53.472,10.892,27.928,0,0,10.392,5
5,tmp_W5QWD43CTQ,แม่โก๋น,เชียงใหม่,5.53,0.32,5.611,101.465,4.418,79.892,0,0,4.098,6
6,tmp_W5W86M1XPW,ห้วยเดื่อ,เชียงใหม่,4.276,0.283,3.944,92.236,2.017,47.17,0,0,1.734,7
7,tmp_W5WD48YRM6,แม่แหลงหลวง,เชียงใหม่,3.641,0.127,3.651,100.275,1.119,30.733,0,0,0.992,8
8,tmp_W5QQEPPT3G,ห้วยแม่ข้อน,เชียงใหม่,4.08,0.35,4.123,101.054,2.188,53.627,0,0,1.838,9
9,tmp_W5W81U0UXT,แม่ทะลบหลวง,เชียงใหม่,15.3,2.3,13.561,88.634,4.131,27,0,0,1.831,11
10,tmp_W5Q98Q7VGR,แม่ตีบ,ลำพูน,10,0.5,5.17,51.7,2.278,22.78,0,0,1.778,12
11,tmp_W5Q3RFW2VR,แม่สาน,ลำพูน,16,0.26,3.56,22.25,1.684,10.525,0,0,1.424,13
12,tmp_W5Q9CH3RWM,แม่ธิ,ลำพูน,4.5,0.15,4.81,106.889,3.09,68.667,0,0,2.94,14
13,tmp_W5Q27UGU3D,แม่เมย,ลำพูน,3.6,0.28,3.6,100,0.909,25.25,0,0.013,0.629,15
14,tmp_W5X75F251M,ห้วยช้าง,เชียงราย,6.3,0.3,6.317,100.27,1.35,21.429,0,0,1.05,16
15,tmp_W5X0ECGZGT,แม่ต๊าก,เชียงราย,9,1.45,11.11,123.444,3.98,44.222,0,0,2.53,17
16,tmp_W5WB09M658,แม่สรวย,เชียงราย,73,3,57.986,79.433,49.45,67.74,0.112,0.087,46.45,18
17,tmp_W5QTPV4RHK,ดอยงู,เชียงราย,7.366,1.337,7.836,106.381,7.388,100.299,0.001,0.083,6.051,19
18,tmp_W5NZDN0D5S,แม่ทะ,ลำปาง,2.54,0.24,1.56,61.417,1.615,63.583,0,0,1.375,20
19,tmp_W5NKRX70DH,แม่อาบ,ลำปาง,7.56,0.54,2.342,30.979,0.643,8.505,0,0,0.103,21
20,tmp_W5NWJXBZJ3,แม่ทาน,ลำปาง,11.4,1.36,11.032,96.772,3.32,29.123,0,0,1.96,22
21,tmp_W5NKH5827C,แม่พริก,ลำปาง,4.2,0.4,0.807,19.214,2.015,47.976,0,0,1.615,24
22,tmp_W5NRRZW8W4,แม่เลียง,ลำปาง,6.9,0.8,6.9,100,3.133,45.406,0,0,2.333,25
23,tmp_W5NW3477XR,แม่ต่ำ,ลำปาง,2.54,0.691,1.849,72.795,0.625,24.606,0,0,0,34
24,tmp_W5NWXVRGGE,แม่วะ,ลำปาง,5.9,0.95,5.9,100,0.95,16.102,0,0,0,35
25,tmp_W5NXC7UXQ8,ห้วยเกี๋ยง,ลำปาง,11.6,0.6,6.867,59.198,3.213,27.698,0,0,2.613,41
26,tmp_W5Q81GUXV9,แม่ยาว,ลำปาง,3.48,0.28,3.41,97.989,0.904,25.977,0,0,0.624,43
27,tmp_W5Q8UFFY22,แม่ไพร,ลำปาง,3.2,0.13,1.344,42,0.16,5,0,0,0.03,44
28,tmp_W5Q871CM2B,ห้วยแม่สัน,ลำปาง,3.525,0.04,3.454,97.986,1.226,34.78,0,0,1.186,45
29,tmp_W5N7W41N9H,แม่พริกผาวิ่งชู้,ลำปาง,36.48,5.84,16.115,44.175,7.636,20.932,0,0,1.796,46
30,tmp_W5QF6UD73T,แม่ฟ้า,ลำปาง,19.92,0.7,14.973,75.166,11.906,59.769,0,0.06,11.206,47
31,tmp_W5RDYG2E1W,ห้วยแฮต,น่าน,5,0.54,4.582,91.64,3.785,75.7,0.006,0,3.245,48
32,tmp_W5R86CFJGT,น้ำแหง,น่าน,13,2.87,12.941,99.546,9.374,72.108,0.023,0,6.504,49
33,tmp_W5R9FBT60Z,ห้วยน้ำฮิ,น่าน,6,0.4,4.477,74.617,5.258,87.633,0,0,4.858,51
34,tmp_W5RH4DUTSV,แม่ต๋ำ,พะเยา,37,2.5,34.342,92.816,22.759,61.511,0,0,20.259,52
35,tmp_W5RN15B5DZ,แม่ปืม,พะเยา,43,1.65,48.051,111.747,20.18,46.93,0,0.053,18.53,53
36,tmp_W5QYM9654U,แม่ใจ,พะเยา,3,0.5,3.069,102.3,0.986,32.867,0,0,0.486,54
37,tmp_W5PS03EQUF,คลองตรอน,อุตรดิตถ์,59,6,30.076,50.976,13.387,22.69,0.054,0.043,7.387,55
38,tmp_W5PJP7FZ6J,ฯ ห้วยแม่เฉย,อุตรดิตถ์,4,0.27,2.852,71.3,2.896,72.4,0,0,2.626,56
39,tmp_W4YS5P0YYW,คลองน้ำไหล,กำแพงเพชร,38.5,0.75,23.34,60.623,11.16,28.987,0,0,10.41,58
40,tmp_W5PNQZHWZD,แม่มาน,แพร่,18.75,1.1,7.5,40,8.772,46.784,0,0,7.672,59
41,tmp_W5R31KBG90,แม่สอง,แพร่,65.8,12.6,39.76,60.426,42.08,63.951,0,0.038,29.48,60
42,tmp_W5PREJS04W,แม่ถาง,แพร่,30.62,2.5,21.795,71.179,23.595,77.057,0,0,21.095,61
43,tmp_W5PRGE6H5V,แม่คำปอง,แพร่,6.76,0.128,5.6,82.84,4.011,59.334,0,0,3.883,62
44,tmp_W5PQBU5YDY,แม่สาย,แพร่,10.5,1.4,10.318,98.267,4.816,45.867,0.014,0,3.416,63
45,tmp_W4YZV0Y0N2,คลองข้างใน,สุโขทัย,9,0.34,3.05,33.889,0.34,3.778,0,0,0,64
46,tmp_W5NGD888R0,ห้วยท่าแพ,สุโขทัย,58,8.8,32.389,55.843,25.929,44.705,0.034,0.034,17.129,65
47,tmp_W5NGUERF8F,ห้วยแม่สูง,สุโขทัย,12.45,1.04,4.43,35.582,3.664,29.43,0,0,2.624,66
48,tmp_W5PH2M531S,ห้วยทรวง,สุโขทัย,8,0.4,5.17,64.625,2.595,32.438,0,0,2.195,67
49,tmp_W5N9SYPB5J,แม่กองค่าย,สุโขทัย,13,0.58,7.35,56.538,6.67,51.308,0.106,0.166,6.09,68
50,tmp_W5NCNB5FB5,ทุ่งทะเลหลวง,สุโขทัย,32.4,7.2,18.888,58.296,17.436,53.815,0,0,10.236,69
51,tmp_W4YPH1T7WW,ห้วยแม่สอด,ตาก,5.5,0.434,4.955,90.091,3.258,59.236,0,0,2.824,70
52,tmp_W4YP7G4GYX,ห้วยลึก,ตาก,5.8,0.1,4.39,75.69,5.032,86.759,0,0.002,4.932,71
53,tmp_W4YRV3BUK0,ห้วยแม่ท้อ,ตาก,63,3.5,44.492,70.622,51.795,82.214,0,0,48.295,72
54,tmp_W4Z8JGT69Y,ห้วยใหญ่,นครสวรรค์,11.87,1.03,7.049,59.385,5.444,45.864,0,0,4.414,74
55,tmp_W4Y9PXN73Q,คลองโพธิ์,นครสวรรค์,82,15,46.324,56.493,26.031,31.745,0,0,11.031,75
56,tmp_W70KRGVRFZ,ห้วยน้ำสวย อ.นาด้วง,เลย,3.3,0.945,2.578,78.121,2.727,82.636,0,0.003,1.782,76
57,tmp_W702NE8YDX,ห้วยยาง อ.ภูกระดึง,เลย,3.713,0.72,1.344,36.197,0.482,12.981,0.002,0,0,77
58,tmp_W70E9MZ8J9,ห้วยลิ้นควาย อ.นาด้วง,เลย,29,2,17.229,59.41,11.742,40.49,0.009,0,9.742,78
59,tmp_W70784YBF0,ห้วยน้ำหมาน อ.เมือง,เลย,26.5,1.47,12.157,45.875,4.954,18.694,0.004,0.006,3.484,81
60,tmp_W70K8UQNEV,ห้วยแห้ว อ.เมือง,เลย,2.73,0.188,1.314,48.132,0.565,20.696,0,0,0.377,82
61,tmp_W702BYH82V,น้ำเลย,เลย,35.807,5.858,36.469,101.849,28.019,78.25,0,0.077,22.161,83
62,tmp_W70UW8V045,ห้วยบังพวน อ.ท่าบ่อ,หนองคาย,8.62,0.4,7.124,82.645,4.896,56.798,0,0,4.496,84
63,tmp_W70Y1Y31HZ,ห้วยทอน (ตอนบน) อ.โพธิ์ตาก,หนองคาย,7.8,0.153,7.747,99.321,6.813,87.346,0,0,6.66,85
64,tmp_W71QEN3EXV,ห้วยเปลวเงือก อ.โพนพิสัย,หนองคาย,2.75,0.12,1.695,61.636,0.595,21.636,0,0,0.475,86
65,tmp_W70Y172U72,ห้วยหินแก้ว อ.โพธิ์ตาก,หนองคาย,4,0.1,3.969,99.225,3.575,89.375,0,0,3.475,87
66,tmp_W71WCVMWGP,ห้วยซำ อ.โซ่พิสัย,บึงกาฬ,2.4,0.87,2.4,100,1,41.667,0.008,0.002,0.13,88
67,tmp_W71CVMUYNB,ภูเพ็ก อ.พรรณานิคม,สกลนคร,2.7,0.175,1.289,47.741,1.242,46,0,0,1.067,90
68,tmp_W71CRM8WMS,ห้วยเดียก อ.เมือง,สกลนคร,4,0.24,2.988,74.7,2.504,62.6,0.068,0.079,2.264,91
69,tmp_W740MXWT5P,ห้วยโทห้วยยาง อ.โคกศรีสุพรรณ,สกลนคร,7.75,0.7,5.153,66.49,4.774,61.6,0.017,0.017,4.074,92
70,tmp_W74060VM0B,ห้วยหวด อ.เต่างอย,สกลนคร,21,1.29,16.93,80.619,16.707,79.557,0,0,15.417,93
71,tmp_W71C0K6SWZ,ห้วยกระเฌอ อ.กุดบาก,สกลนคร,8.99,0.7,4.992,55.528,4.304,47.875,0,0,3.604,95
72,tmp_W71U82HCHK,ห้วยโทง อ.วานรนิวาส,สกลนคร,7.6,0.04,5.89,77.5,4.9,64.474,0,0.059,4.86,96
73,tmp_W71D8G5N1T,ห้วยก้านเหลือง อ.ส่องดาว,สกลนคร,5.9,0.52,2.812,47.661,0.992,16.814,0,0,0.472,98
74,tmp_W6CZV42JUX,ห้วยขี้หิน อ.ภูพาน,สกลนคร,4,0.55,2.67,66.75,1.936,48.4,0,0,1.386,99
75,tmp_W71SV1W9GE,ห้วยคำ อ.วานรนิวาส,สกลนคร,6.5,0.4,3.316,51.015,2.291,35.246,0,0,1.891,100
76,tmp_W71SVFNZBG,ห้วยซวง อ.วานรนิวาส,สกลนคร,6,0.4,3.022,50.367,1.779,29.65,0,0,1.379,101
77,tmp_W71WH32R78,ห้วยรังแร้ง อ.บ้านม่วง,สกลนคร,2.2,0.2,1.619,73.591,1.253,56.955,0,0,1.053,102
78,tmp_W71CY6CM6E,ห้วยน้ำบ่อ อ.เมือง,สกลนคร,2.2,0.15,0.023,1.045,0.332,15.091,0,0,0.182,104
79,tmp_W6CZTMQ763,ห้วยแข้ อ.ภูพาน,สกลนคร,3.8,0.225,2.173,57.184,1.088,28.632,0,0,0.863,105
80,tmp_W71TVG5V8H,น้ำซับคำโรงสี อ. บ้านม่วง,สกลนคร,2,0.5,1.062,53.1,1.27,63.5,0,0,0.77,107
81,tmp_W71CZNPFQP,ห้วยทรายขมิ้น อ.เมือง,สกลนคร,2.4,0.118,2.114,88.083,2.392,99.667,0,0,2.274,110
82,tmp_W716X85K56,ห้วยคำบากน้อย อ.สว่างแดนดิน,สกลนคร,4,0.495,2.176,54.4,1.087,27.175,0,0,0.592,111
83,tmp_W744ZCGHZR,ห้วยหินชะแนนใหญ่ อ.กุสุมาลย์,สกลนคร,12.5,0.17,9.76,78.08,7.87,62.96,0,0,7.7,112
84,tmp_W71TTU4NWH,ห้วยคำผักหนาม อ.บ้านม่วง ,สกลนคร,2.91,0.44,1.88,64.605,1.941,66.701,0,0,1.501,113
85,tmp_W740BQB84V,ห้วยเรือ อ.เมือง,สกลนคร,2.9,0.15,1.885,65,1.692,58.345,0,0,1.542,116
86,tmp_W71CWRKP2K,ห้วยทรายตอนบน 1 อ.เมือง,สกลนคร,2.1,0.27,1.376,65.524,1.27,60.476,0,0,1,118
87,tmp_W70V26KESM,ห้วยทราย อ.น้ำโสม,อุดรธานี,2.288,0.25,2.007,87.719,1.859,81.25,0.002,0,1.609,119
88,tmp_W711FW0JZG,ห้วยสามพาด อ.หนองแสง,อุดรธานี,15,0.885,4.262,28.413,9.64,64.267,0,0,8.755,120
89,tmp_W714EHGC5T,บ้านจั่น อ.เมือง,อุดรธานี,4.38,0.003,2.69,61.416,3.575,81.621,0.016,0,3.572,121
90,tmp_W71498GZ7B,กุดลิงง้อ อ.เมือง,อุดรธานี,6.44,0.175,3.693,57.345,3.105,48.214,0,0,2.93,122
91,tmp_W7156D19P5,หนองสำโรง อ.เมือง,อุดรธานี,4.3,0.372,0.039,0.907,0.041,0.953,0,0,0,123
92,tmp_W711Q36ZJD,หนองปะโค อ.กุมภวาปี,อุดรธานี,3.08,1,1.878,60.974,2.706,87.857,0,0,1.706,124
93,tmp_W718GW6VKY,ลำพันชาด อ.วังสามหมอ,อุดรธานี,47,5.882,32.147,68.398,32.376,68.885,0,0.038,26.494,125
94,tmp_W70F5DD6EW,ห้วยเหล่ายาง อ.เมือง,หนองบัวลำภู,2.469,0.12,1.392,56.379,0.958,38.801,0,0.008,0.838,127
95,tmp_W70B4WNUHT,ห้วยน้ำบอง,หนองบัวลำภู,20.8,2.18,20.664,99.346,19.035,91.514,0,0.019,16.855,128
96,tmp_W6B2F7GPQ7,ห้วยส้มป่อย,ชัยภูมิ,7.646,0.6,2.385,31.193,0.531,6.945,0,0,0,129
97,tmp_W6BD2X8C2K,ลำช่อระกา,ชัยภูมิ,10.312,1.033,5.975,57.942,1.66,16.098,0,0,0.627,130
98,tmp_W6BKVU2TVB,น้ำพรม,ชัยภูมิ,3.434,0.08,2.478,72.161,1.67,48.631,0,0,1.59,131
99,tmp_W6B0NMFQVF,ลำคันฉู,ชัยภูมิ,42.6,3.3,31.48,73.897,34.84,81.784,0.018,0,31.54,132
100,tmp_W6BTP8QS60,บ้านเพชร,ชัยภูมิ,19.675,3,13.83,70.292,1.215,6.175,0,0.01,0,133
101,tmp_W6B2809STF,ห้วยทราย,ชัยภูมิ,10.3,1.5,7.86,76.311,4.28,41.553,0,0,2.78,134
102,tmp_W6CWPV3TGZ,ห้วยแกง,กาฬสินธุ์,23.325,0.65,7.79,33.398,15.32,65.681,0,0,14.67,135
103,tmp_W6CZ52VP4E,ห้วยสะทด,กาฬสินธุ์,11.66,0.5,6.9,59.177,6.45,55.317,0,0.065,5.95,136
104,tmp_W6CMR98BRW,บึงอร่าม,กาฬสินธุ์,3.6,0.285,3.156,87.667,2.928,81.333,0,0,2.643,137
105,tmp_W6CMTZ53DE,หนองหญ้าม้า,กาฬสินธุ์,2.558,0.3,1.726,67.475,2.043,79.867,0,0,1.743,138
106,tmp_W6CMUW8UZ9,ห้วยวังลิ้นฟ้า,กาฬสินธุ์,3.35,0.156,2.715,81.045,2.259,67.433,0.005,0.014,2.103,139
107,tmp_W6CZC4BHWQ,ห้วยสังเคียบ,กาฬสินธุ์,7.5,0.529,5.288,70.507,4.973,66.307,0,0,4.444,140
108,tmp_W6FNF94SG8,ลำพะยัง(ตอนบน),กาฬสินธุ์,4.137,0.063,2.069,50.012,2.61,63.089,0,0,2.547,141
109,tmp_W6CTU544GX,ห้วยสีทน,กาฬสินธุ์,3.55,0.009,0.977,27.521,0.977,27.521,0,0.024,0.968,142
110,tmp_W6CTK846SU,ห้วยโพธิ์,กาฬสินธุ์,2.44,0.23,1.435,58.811,1.684,69.016,0.005,0.039,1.454,143
111,tmp_W6CZRTHKUG,ห้วยมะโน,กาฬสินธุ์,5.815,0.6,3.548,61.015,3.826,65.795,0.027,0.073,3.226,144
112,tmp_W6CYU9BKQD,ห้วยผึ้ง,กาฬสินธุ์,4.15,0.24,1.132,27.277,1.58,38.072,0,0,1.34,145
113,tmp_W6CYUHS8VP,ห้วยฝา,กาฬสินธุ์,6.422,0.7,3.33,51.853,2.626,40.891,0,0,1.926,146
114,tmp_W6FN1CTMG0,ห้วยจุมจัง,กาฬสินธุ์,7.381,0.667,3.766,51.023,2.735,37.055,0,0,2.068,147
115,tmp_W6C5BD9VDU,แก่งละว้า,ขอนแก่น,45.784,1.3,26.2,57.225,34.456,75.258,0,0.01,33.156,148
116,tmp_W6BGG9ZC2M,ห้วยยาง,ขอนแก่น,3.019,0.53,1.259,41.703,0.751,24.876,0,0,0.221,149
117,tmp_W6C56TNQJ0,ห้วยทราย,ขอนแก่น,2.355,0.23,1.136,48.238,1.782,75.669,0,0,1.552,151
118,tmp_W6BGX5GR9P,หนองกรองแก้ว,ขอนแก่น,13.589,4.31,11.185,82.309,3.62,26.639,0,0,0,152
119,tmp_W6BCYEKGFV,ละเลิงหวาย,ขอนแก่น,3.737,0.03,1.905,50.977,1.353,36.206,0,0.005,1.323,154
120,tmp_W6CHE8XJ8G,ห้วยเตย,ขอนแก่น,5.337,0.3,0.877,16.432,0.849,15.908,0,0,0.549,155
121,tmp_W6BX5VZR9W,ห้วยลอมไผ่,ขอนแก่น,5.6,0.26,0.706,12.607,0.81,14.464,0,0,0.55,156
122,tmp_W6C7VZVQFQ,แก่งเลิงจาน,มหาสารคาม,8.024,2,3.511,43.756,6.107,76.109,0,0.028,4.107,157
123,tmp_W6CHJV4ZKV,หนองขอนสัก,มหาสารคาม,8.659,1.08,2.469,28.514,5.67,65.481,0,0.024,4.59,158
124,tmp_W6CKY6VWCM,หนองบัว,มหาสารคาม,3.58,0.492,1.9,53.073,2.432,67.933,0,0.023,1.94,160
125,tmp_W6C7EWUV8E,ห้วยประดู่,มหาสารคาม,2.804,0.04,0.744,26.534,2.289,81.633,0.005,0.005,2.249,162
126,tmp_W6C7NPBJED,ห้วยคะคาง,มหาสารคาม,4.126,0.334,0.631,15.293,3.276,79.399,0.007,0.007,2.942,163
127,tmp_W6CECJFXG6,หนองกระทุ่ม,มหาสารคาม,2.636,0.145,1.204,45.675,1.484,56.297,0,0.018,1.339,164
128,tmp_W6C60SDFS3,ห้วยค้อ,มหาสารคาม,31.338,3,8.8,28.081,23.417,74.724,0,0.096,20.417,166
129,tmp_W6C74TSNSR,หนองบ่อ,มหาสารคาม,3.584,0.034,1.365,38.086,2.681,74.805,0,0,2.647,167
130,tmp_W6C6CGYFS4,ห้วยเชียงคำ,มหาสารคาม,5.066,0.15,1.307,25.799,4.048,79.905,0.007,0.007,3.898,168
131,tmp_W6CD0D9XMC,ห้วยจอกขวาง,มหาสารคาม,3.036,0.143,1.596,52.569,2.525,83.169,0.003,0.003,2.382,169
132,tmp_W6C9CRU3DD,หนองไฮ,มหาสารคาม,2.244,0.167,0.894,39.84,1.522,67.825,0,0.013,1.355,170
133,tmp_W6CED4Y4DP,ห้วยแอ่ง,ร้อยเอ็ด,22.299,0.4,13.323,59.747,16.498,73.985,0,0,16.098,171
134,tmp_W6CEPJJEFY,หนองหญ้าม้า,ร้อยเอ็ด,2.117,0.091,1.311,61.927,1.207,57.015,0,0,1.116,172
135,tmp_W6CG2EEQSM,ธวัชชัย,ร้อยเอ็ด,5.007,0.11,0.602,12.023,3.323,66.367,0,0,3.213,173
136,tmp_W6CD3GR1ST,ห้วยแล้ง,ร้อยเอ็ด,4.414,0.19,0.796,18.034,3.352,75.94,0,0,3.162,174
137,tmp_W6FJS0Y70C,ห้วยวังนอง,ร้อยเอ็ด,11.492,0.32,5.654,49.199,7.33,63.784,0,0,7.01,175
138,tmp_W6CDHW3F82,ห้วยกุดแดง,ร้อยเอ็ด,2.806,0.3,2.022,72.06,2.067,73.664,0,0,1.767,177
139,tmp_W6C904P5CD,ห้วยจานใต้,ร้อยเอ็ด,5.795,0.55,0.55,9.491,0.863,14.892,0,0,0.313,178
140,tmp_W6F08RVSJU,หนองผือ,ร้อยเอ็ด,4.178,1.2,1.072,25.658,2.034,48.684,0,0,0.834,179
141,tmp_W6FJJP1ET4,ห้วยพุงใหญ่,ร้อยเอ็ด,7.8,0.45,5.471,70.141,6.25,80.128,0,0,5.8,180
142,tmp_W74626H0Z5,ห้วยหินชะแนน,นครพนม,2.4,0.125,1.078,44.917,0.864,36,0,0.006,0.739,181
143,tmp_W740QEDVQG,ห้วยผักดอก,นครพนม,2.8,0.3,1.821,65.036,1.988,71,0,0.006,1.688,182
144,tmp_W7422H0CW2,ห้วยก้านเหลือง,นครพนม,7.408,0.03,5.57,75.189,6.188,83.531,0,0.032,6.158,183
145,tmp_W742396ZU8,ห้วยศรีคุณ,นครพนม,2.312,0.03,1.691,73.14,1.43,61.851,0,0,1.4,184
146,tmp_W742489QNC,บ้านดงน้อย,นครพนม,5.2,0.25,3.972,76.385,3.824,73.538,0,0,3.574,185
147,tmp_W743S60TBB,ห้วยแคน,นครพนม,11.014,0.03,6.43,58.38,7,63.555,0,0.025,6.97,186
148,tmp_W746EVDUQZ,ห้วยส้มโฮง,นครพนม,3.12,0.03,2.392,76.667,1.775,56.891,0,0,1.745,187
149,tmp_W7469M4B41,บุ่งหมากโมง,นครพนม,2.19,0.42,1.245,56.849,1.21,55.251,0,0.018,0.79,188
150,tmp_W740QHUVP1,ห้วยนางออ,นครพนม,3.3,0.45,2.466,74.727,2.608,79.03,0,0.012,2.158,189
151,tmp_W740R3FTXH,ห้วยกกคูณ,นครพนม,2,0.08,1.374,68.7,1.332,66.6,0,0.012,1.252,190
152,tmp_W6FRVB53KD,ห้วยกะเบา,นครพนม,5.07,0.4,3.8,74.951,3.95,77.909,0,0.03,3.55,191
153,tmp_W6FM52H8TQ,ห้วยขี้เหล็ก,มุกดาหาร,23.7,2,19.267,81.295,18.906,79.772,0.08,0.08,16.906,193
154,tmp_W6FRE5FHCS,ห้วยชะโนด,มุกดาหาร,18.4,0.65,14.704,79.913,16.7,90.761,0.09,0.13,16.05,194
155,tmp_W6FNPXHED3,ห้วยมุก,มุกดาหาร,4.9,0.2,3.39,69.184,3.81,77.755,0,0,3.61,195
156,tmp_W6FR98TE1R,ห้วยหินลับ,มุกดาหาร,4,0.5,3.635,90.875,3.75,93.75,0.03,0.02,3.25,196
157,tmp_W6FR8GZVM0,ห้วยไร่,มุกดาหาร,2.8,0.11,2.173,77.607,2.14,76.429,0.01,0.02,2.03,197
158,tmp_W6FJ0F9WS4,ห้วยไผ่,มุกดาหาร,10.5,0.8,9.36,89.143,3.44,32.762,0.06,0.08,2.64,198
159,tmp_W6FP4TYCEX,ห้วยพุ,มุกดาหาร,4.5,0.7,2.69,59.778,2.068,45.956,0,0,1.368,199
160,tmp_W6FP3WWEGF,ห้วยพุง,มุกดาหาร,4,0.85,2.812,70.3,2.08,52,0,0,1.23,200
161,tmp_W6FP5DRR0G,ห้วยทา,มุกดาหาร,2.23,0.53,1.998,89.596,1.59,71.3,0,0,1.06,201
162,tmp_W6FP4PFHF6,ห้วยหอย,มุกดาหาร,2,0.3,0.913,45.65,0.526,26.3,0.04,0.05,0.226,202
163,tmp_W6FR1SGVPW,ห้วยไร่2,มุกดาหาร,2.68,0.3,1.766,65.896,2.328,86.866,0,0,2.028,204
164,tmp_W6FR04VHD5,ห้วยแคน,มุกดาหาร,2.1,0.09,1.266,60.286,1.8,85.714,0.03,0.02,1.71,205
165,tmp_W6F8YRR00U,ห้วยถ้ำแข้,อุบลราชธานี,13.7,0.6,10.528,76.847,10.924,79.737,0,0,10.324,210
166,tmp_W6DF1B8E7Z,ห้วยพลาญเสือ(ห้วยผึ้ง),อุบลราชธานี,33.5,1.12,32.79,97.881,33.2,99.104,0,0,32.08,211
167,tmp_W6DCBWE0J6,ห้วยจันลา,อุบลราชธานี,16.9,0.6,7.12,42.13,16.33,96.627,0,0,15.73,212
168,tmp_W6DDNQ3TN4,ห้วยวังใหญ่,อุบลราชธานี,8,0.8,7.04,88,8.16,102,0,0,7.36,213
169,tmp_W6DGR2T7NW,ห้วยเดือนห้า,อุบลราชธานี,12,1.846,11.89,99.083,11.91,99.25,0,0,10.064,214
170,tmp_W6DGRPZQGT,ห้วยสะพงน้อย,อุบลราชธานี,14.7,1.6,12.08,82.177,14.62,99.456,0,0,13.02,215
171,tmp_W6DR9E155G,หนองเหล่าหิน,อุบลราชธานี,2.475,0.36,1.077,43.515,2.095,84.646,0,0,1.735,217
172,tmp_W6DX9NGS64,หนองช้างใหญ่,อุบลราชธานี,7.675,0.04,6.622,86.28,6.326,82.423,0,0,6.286,218
173,tmp_W6E5BQ6YCP,ห้วยโดน,อุบลราชธานี,4.7,0.55,4.53,96.383,4.63,98.511,0,0,4.08,219
174,tmp_W6DGNM6JJY,ห้วยละมืด,อุบลราชธานี,6.7,1.721,6.66,99.403,6.68,99.701,0,0,4.959,220
175,tmp_W6EH2Q5RWF,ห้วยหินกอง,อุบลราชธานี,8,1.7,7.2,90,7.38,92.25,0,0,5.68,221
176,tmp_W6FHRMT5YF,ห้วยลิงโจน,ยโสธร,21,0.4,13.59,64.714,15.81,75.286,0,0,15.41,222
177,tmp_W6F7YW0TXR,ห้วยสะแบก,ยโสธร,30.3,0.6,26.14,86.271,22.94,75.71,0,0.144,22.34,223
178,tmp_W6FHNJB8HM,ห้วยโพงตอนบน,ยโสธร,12.4,1,7.59,61.21,11.79,95.081,0,0,10.79,224
179,tmp_W6F6MNTEQ3,พุทธอุทธยาน,อำนาจเจริญ,19.325,0.891,16.483,85.294,13.669,70.732,0.02,0,12.778,225
180,tmp_W6F6KN014W,ห้วยโพธิ์,อำนาจเจริญ,7.438,0.544,5.195,69.844,4.86,65.34,0,0,4.316,226
181,tmp_W6F6RWDEXB,ห้วยสีโท,อำนาจเจริญ,10.6,0.4,8.8,83.019,7.75,73.113,0,0,7.35,227
182,tmp_W69QUKHEZ0,ลำตะโคง,บุรีรัมย์,7.58,0.308,3.665,48.351,6.575,86.741,0.044,0.025,6.267,228
183,tmp_W68FGYVP6J,ห้วยยาง,บุรีรัมย์,13.8,1,7.7,55.797,5.02,36.377,0.001,0,4.02,229
184,tmp_W69KV1N8C2,ห้วยสวาย,บุรีรัมย์,13.56,0.97,1.857,13.695,12.143,89.55,0.028,0.003,11.173,231
185,tmp_W69K9DBK8Z,ห้วยตลาด,บุรีรัมย์,27.82,1.03,2.526,9.08,0.831,2.987,0,0,0,232
186,tmp_W69KB86HVK,ห้วยจระเข้มาก,บุรีรัมย์,26.02,1.61,3.659,14.062,2.513,9.658,0,0.03,0.903,233
187,tmp_W6939KPJ5S,ห้วยเมฆา,บุรีรัมย์,4.07,0.1,2.798,68.747,1.906,46.83,0,0.004,1.806,234
188,tmp_W6913FP04R,คลองมะนาว,บุรีรัมย์,2.848,0.444,1.314,46.138,0.987,34.656,0.001,0,0.543,235
189,tmp_W6956VXMJ5,หนองทะลอก,บุรีรัมย์,3.43,0.23,0.907,26.443,0.614,17.901,0,0,0.384,236
190,tmp_W691QS2FWP,ลำปะเทีย,บุรีรัมย์,25.4,1.2,12.534,49.346,12.81,50.433,0.037,0.022,11.61,240
191,tmp_W691KFQ11D,ลำจังหัน,บุรีรัมย์,36,1.8,21.612,60.033,19.82,55.056,0,0,18.02,241
192,tmp_W693ERNTBD,ห้วยตะโก,บุรีรัมย์,3.25,0.4,2.704,83.2,1.86,57.231,0.002,0,1.46,242
193,tmp_W68C71H2YS,ลำปลายมาศ,นครราชสีมา,98,9.3,61.564,62.82,40.966,41.802,0.037,0.001,31.666,243
194,tmp_W687MY44X8,ลำสำลาย,นครราชสีมา,42,2,16.486,39.252,6.446,15.348,0,0,4.446,244
195,tmp_W68CT7M6HP,ห้วยเตย,นครราชสีมา,4.396,0.14,1.422,32.348,1.563,35.555,0.004,0,1.423,245
196,tmp_W686RVYV5H,ลำเชียงสา,นครราชสีมา,7.5,1.4,7.502,100.027,6.836,91.147,0.003,0,5.436,246
197,tmp_W683F3TFB7,บ้านสันกำแพง,นครราชสีมา,6.4,0.76,6.4,100,6.22,97.188,0.007,0,5.46,247
198,tmp_W6DD1E4KP7,ห้วยขนุน,ศรีสะเกษ,10.2,0.63,5.698,55.863,9.895,97.01,0.012,0,9.265,248
199,tmp_W6D4SP32M0,ห้วยโอตาลัต,ศรีสะเกษ,3.8,0.45,1.725,45.395,2.71,71.316,0.003,0,2.26,249
200,tmp_W6D67TT8EB,ห้วยด่านไอ,ศรีสะเกษ,8.03,0.6,5.784,72.03,7.669,95.504,0.012,0.076,7.069,250
201,tmp_W6D4WRT9DX,ห้วยตาจู,ศรีสะเกษ,22.28,1.8,4.637,20.812,16.697,74.942,0.012,0,14.897,251
202,tmp_W69CZXRFW1,ห้วยสำราญ,ศรีสะเกษ,12.35,1.3,12.35,100,12.319,99.749,0.013,0,11.019,252
203,tmp_W6D4DFP268,ห้วยศาลา,ศรีสะเกษ,37.07,2.8,18.428,49.711,36.982,99.763,0.036,0,34.182,253
204,tmp_W6D49FS490,ห้วยติ๊กชู,ศรีสะเกษ,26.2,3.4,26.2,100,26.032,99.359,0.022,0,22.632,254
205,tmp_W6DJYH1CXX,ห้วยน้ำคำ,ศรีสะเกษ,2.45,0.11,2.022,82.531,2.314,94.449,0.003,0,2.204,255
206,tmp_W6DJKKBVY7,ห้วยคล้า,ศรีสะเกษ,3.78,0.71,3.714,98.254,3.099,81.984,0,0,2.389,256
207,tmp_W6DJXNU96T,ห้วยชัน,ศรีสะเกษ,2.7,0.67,2.559,94.778,1.724,63.852,0,0,1.054,258
208,tmp_W6D7EVD7Q9,ห้วยตามาย,ศรีสะเกษ,37.29,0.73,19.87,53.285,32.903,88.235,0,0,32.173,259
209,tmp_W6D704ZMZ7,หนองสิ,ศรีสะเกษ,3.66,0.65,3.013,82.322,3.94,107.65,0.03,0.05,3.29,260
210,tmp_W6D6946H03,ห้วยทา,ศรีสะเกษ,29.58,2.4,23.438,79.236,29.749,100.571,0.222,0.206,27.349,261
211,tmp_W6D63KUR5J,ห้วยตะแบง,ศรีสะเกษ,6.88,0.3,2.764,40.174,4.29,62.355,0,0,3.99,262
212,tmp_W69YFUEQQP,ห้วยแก้ว,สุรินทร์,4.919,0.444,4.489,91.258,4.21,85.587,0,0.004,3.766,263
213,tmp_W69F0Y16V5,ห้วยเชิง,สุรินทร์,8,0.443,5.712,71.4,5.238,65.475,0,0,4.795,264
214,tmp_W69F1F3GW9,ห้วยขนาดมอญ,สุรินทร์,15.5,0.65,11.305,72.935,14.65,94.516,0,0,14,265
215,tmp_W69EUT5TJW,อำปึล,สุรินทร์,27.675,1.43,10.896,39.371,28.125,101.626,0,0.006,26.695,266
216,tmp_W69S5JY96N,ห้วยเสนง,สุรินทร์,21.962,0.816,17.008,77.443,20.118,91.604,0,0.035,19.302,267
217,tmp_W69UFTUWWY,ห้วยลำพอก,สุรินทร์,14.58,0.65,13.056,89.547,13.056,89.547,0,0.004,12.406,268
218,tmp_W69F04GXWJ,ห้วยด่าน,สุรินทร์,9.4,1.14,6.18,65.745,5.716,60.809,0,0,4.576,269
219,tmp_W69FN39HH3,บ้านทำนบ,สุรินทร์,12,0.4,8.748,72.9,5.428,45.233,0,0.001,5.028,270
220,tmp_W69CVNMRSQ,บ้านจรัส,สุรินทร์,15,0.5,15.06,100.4,11.91,79.4,0,0,11.41,271
221,tmp_W69UVQG58Q,บ้านเกาะแก้ว,สุรินทร์,6,0.05,6.35,105.833,7.727,128.783,0,0.002,7.677,272
222,tmp_W69DJWXZDB,ห้วยตาเกาว์,สุรินทร์,8.6,0.059,3.882,45.14,6.338,73.698,0,0.001,6.279,273
223,tmp_W69F5D3F15,ห้วยกะเลงเวก,สุรินทร์,3.4,0.4,3.247,95.5,3.36,98.824,0,0,2.96,275
224,tmp_W68SBCTYYV,ห้วยบ้านยาง,นครราชสีมา,6.52,0.52,2.18,33.436,0.923,14.156,0,0,0.403,277
225,tmp_W68S5P86CN,ห้วยยาง,นครราชสีมา,5.53,0.3,1.74,31.465,0.842,15.226,0,0,0.542,278
226,tmp_W68K6HDCPX,ห้วยซับประดู่,นครราชสีมา,27.664,1.401,13.896,50.231,4.389,15.865,0,0,2.988,280
227,tmp_W68JYZUN0D,ห้วยปราสาทใหญ่,นครราชสีมา,8.7,0.854,2.238,25.724,0.967,11.115,0.002,0,0.113,281
228,tmp_W68Q2TQG5E,ลำเชียงไกร ตอนบน,นครราชสีมา,8.4,0.95,3.274,38.976,0.95,11.31,0.001,0,0,282
229,tmp_W68QWT5FXP,ลำเชียงไกร ตอนล่าง,นครราชสีมา,27.7,1.152,15.05,54.332,1.224,4.419,0.039,0.043,0.072,283
230,tmp_W68W8NZFV7,หนองกก,นครราชสีมา,2.967,0.182,1.254,42.265,0.182,6.134,0.003,0,0,284
231,tmp_W68XZT8MTT,ห้วยตะคร้อ,นครราชสีมา,9.5,0.63,0.59,6.211,0.234,2.463,0,0,0,285
232,tmp_W6B9JMNYR0,ห้วยยางพะไล,นครราชสีมา,13.3,0.55,8.326,62.602,2.35,17.669,0.005,0,1.8,286
233,tmp_W6C03X57PQ,บึงกระโตน,นครราชสีมา,10.214,1.232,2.283,22.352,1.277,12.502,0.005,0,0.045,287
234,tmp_W69NCX8RC9,ห้วยบง,นครราชสีมา,14.5,0.76,5.726,39.49,3.21,22.138,0,0,2.45,288
235,tmp_W68YHVTN47,ห้วยสะกาด,นครราชสีมา,3.578,0.12,2.62,73.225,2.146,59.978,0.004,0,2.026,289
236,tmp_W68VU2HMNJ,ลำฉมวก,นครราชสีมา,23.445,1.256,15.27,65.131,5.082,21.676,0,0,3.826,290
237,tmp_W689VH5VJT,ห้วยทับครัว,นครราชสีมา,5,0.765,3.135,62.7,2.083,41.66,0.001,0,1.318,291
238,tmp_W62MCQD6NU,คลองระบม,ฉะเชิงเทรา,55.5,7.8,42.866,77.236,23.133,41.681,0,0.29,15.333,294
239,tmp_W62JHJ69SB,ลาดกระทิง,ฉะเชิงเทรา,4.2,0.2,3.82,90.952,2.03,48.333,0.01,0.01,1.83,295
240,tmp_W62F9B8PTQ,คลองบอน,จันทบุรี,2.5,0.3,0.03,1.2,0.03,1.2,0,0,0,298
241,tmp_W6299KQC36,ศาลทราย,จันทบุรี,10,1,11.141,111.41,10.528,105.28,0,0.039,9.528,299
242,tmp_W62DPFJ1GV,คลองพระพุทธ,จันทบุรี,70.51,0.99,69.043,97.919,53.485,75.854,0,240,52.495,300
243,tmp_W4RF4VCUZ3,หนองกลางดง,ชลบุรี,7.65,0.28,6.9,90.196,2.027,26.497,0,0,1.747,301
244,tmp_W4RC2CSK72,ซากนอก,ชลบุรี,7.03,0.4,7.05,100.284,2.845,40.469,0.004,0,2.445,302
245,tmp_W4RC96R6Q9,มาบประชัน,ชลบุรี,16.6,0.76,16.635,100.211,5.228,31.494,0,0,4.468,303
246,tmp_W4RFEPXUSR,หนองค้อ,ชลบุรี,21.4,1,16.7,78.037,6.761,31.593,0.012,0,5.761,304
247,tmp_W4RF485PSP,ห้วยขุนจิต,ชลบุรี,4.8,0.25,2.902,60.458,1.428,29.75,0.014,0,1.178,305
248,tmp_W4RF7K0RGB,ห้วยสะพาน,ชลบุรี,3.84,0.3,3.253,84.714,2.246,58.49,0,0,1.946,307
249,tmp_W4RGM4S4V1,บ้านบึง,ชลบุรี,10.98,2.82,8.463,77.077,4.97,45.264,0,0,2.15,309
250,tmp_W4RB94PZRU,ห้วยตู้ 2,ชลบุรี,2.97,0.2,2.9,97.643,1.859,62.593,0,0,1.659,311
251,tmp_W62H4D7ZNZ,คลองหลวง รัชชโลทร ,ชลบุรี,98,2.9,81.78,83.449,42.46,43.327,0,0.201,39.56,312
252,tmp_W680E2NQ6E,เขาอีโต้ 1,ปราจีนบุรี,2.9,0.2,2.61,90,1.422,49.034,0.097,0.096,1.222,313
253,tmp_W682Z39X9N,ทับลาน,ปราจีนบุรี,2.725,0.5,2.599,95.376,2.608,95.706,0.109,0.009,2.108,314
254,tmp_W680GY409S,คลองไม้ปล้อง,ปราจีนบุรี,11.335,0.11,10.587,93.401,8.784,77.494,0.019,0,8.674,315
255,tmp_W4RCQU679P,ดอกกราย,ระยอง,79.411,3,78.464,98.807,35.201,44.328,0.055,0,32.201,316
256,tmp_W6235YZX6V,คลองระโอก,ระยอง,19.65,0.2,18.747,95.405,16.66,84.784,0,0.064,16.46,317
257,tmp_W621C6QNQT,คลองใหญ่,ระยอง,45.465,3,37.319,82.083,12.022,26.442,0.058,0.19,9.022,318
258,tmp_W60VDRHW51,เขาระกำ,ตราด,47.69,0.8,45.476,95.358,46.232,96.943,0,0.161,45.432,319
259,tmp_W60ZSZ8STD,บ้านมะนาว,ตราด,2.35,0.75,2.434,103.574,2.292,97.532,0,0.002,1.542,320
260,tmp_W60YZVDW6S,ด่านชุมพล,ตราด,5.6,0.48,5.854,104.536,5.734,102.393,0,0.032,5.254,321
261,tmp_W61N8TKQMV,ห้วยแร้ง,ตราด,36.8,3.344,32.951,89.541,33.593,91.285,0,0.039,30.249,322
262,tmp_W60VFN67DN,วังปลาหมอ,ตราด,8.15,0.6,7.891,96.822,6.695,82.147,0,0.014,6.095,323
263,tmp_W61HCC8V82,คลองสะพานหิน,ตราด,20,0.5,16.28,81.4,17.813,89.065,0,0.046,17.313,324
264,tmp_W60ZR2F9ER,คลองโสน,ตราด,65,2.48,60.599,93.229,59.744,91.914,0.107,0,57.264,325
265,tmp_W62ZF8WS6N,พระปรง,สระแก้ว,97,4,97.174,100.179,80.63,83.124,0,0.09,76.63,326
266,tmp_W62ZE3GEBD,ห้วยชัน,สระแก้ว,4,0.86,3.426,85.65,3.51,87.75,0,0.023,2.65,327
267,tmp_W62XX05BME,ท่ากะบาก,สระแก้ว,7.3,0.25,7.066,96.795,6.94,95.068,0,0.012,6.69,328
268,tmp_W62TV16GHC,คลองสามสิบ,สระแก้ว,5.775,1.14,4.8,83.117,3.136,54.303,0,0.017,1.996,329
269,tmp_W62V653UR2,เขารัง,สระแก้ว,3.72,0.12,2.515,67.608,0.79,21.237,0,0.008,0.67,330
270,tmp_W62Z3JVHQ3,คลองเกลือ,สระแก้ว,5.5,0.8,5.43,98.727,4.245,77.182,0,0.016,3.445,331
271,tmp_W62XRT21WH,ช่องกล่ำล่าง,สระแก้ว,2.2,0.2,2.182,99.182,2.194,99.727,0,0.003,1.994,332
272,tmp_W62ZZ8B5RH,ห้วยยาง,สระแก้ว,60,4,8.2,13.667,14.57,24.283,0,0.039,10.57,334
273,tmp_W63P2JKGSN,ห้วยตะเคียน,สระแก้ว,10,0.2,1.263,12.63,6.472,64.72,0,0.044,6.272,335
274,tmp_W62S6BQFBD,คลองพระสทึง,สระแก้ว,65,4,54.584,83.975,48.244,74.222,0,0.088,44.244,338
275,tmp_W4XCRJZVC2,ห้วยปรือ,นครนายก,8.86,0.12,8.243,93.036,4.448,50.203,0,0.042,4.328,339
276,tmp_W4XCQ9XF7G,คลองโบด,นครนายก,4.25,0.07,3.758,88.424,2.092,49.224,0,0.007,2.022,341
277,tmp_W4XCWCX4ZG,ทรายทอง,นครนายก,2,0.12,2.145,107.25,1.83,91.5,0,0.02,1.71,342
278,tmp_W680FZWZJY,คลองวังบอน,นครนายก,7.56,0.2,6.7,88.624,5.677,75.093,0,0.033,5.477,343
279,tmp_W68142UHW8,คลองกลาง,นครนายก,3.1,0.1,2.972,95.871,2.688,86.71,0,0.007,2.588,344
280,tmp_W6BJ2GS7EW,คลองเฉลียงลับ,เพชรบูรณ์,7.85,0.7,5.85,74.522,3.847,49.006,0,0,3.147,345
281,tmp_W6BPDXPY0V,ห้วยขอนแก่น,เพชรบูรณ์,33.22,3.22,35.64,107.285,15.16,45.635,0.084,0.084,11.94,346
282,tmp_W4ZVS4UGWF,ห้วยป่าแดง,เพชรบูรณ์,18.74,1.7,5.189,27.689,6.122,32.668,0,0.014,4.422,347
283,tmp_W4ZVU9ECE1,ห้วยป่าเลา,เพชรบูรณ์,8.4,0.18,2.697,32.107,1.701,20.25,0,0,1.521,348
284,tmp_W4ZZTDP49Z,ห้วยน้ำก้อ,เพชรบูรณ์,20.58,0.81,14.758,71.71,11.26,54.713,0,0.052,10.45,349
285,tmp_W6BJ9WP289,ห้วยใหญ่,เพชรบูรณ์,13.25,1,7.726,58.309,1.585,11.962,0,0,0.585,350
286,tmp_W4ZUDGDZ7J,ห้วยนา,เพชรบูรณ์,5.65,0.6,4.55,80.531,3.678,65.097,0,0,3.078,351
287,tmp_W4ZGPBF9X7,คลองลำกง,เพชรบูรณ์,48.515,7.55,27.136,55.933,27.424,56.527,0,0.041,19.874,352
288,tmp_W4ZZS2NPT8,ห้วยน้ำชุนใหญ่,เพชรบูรณ์,7.52,0.64,5.657,75.226,2.232,29.681,0,0.009,1.592,353
289,tmp_W4ZCZGNT8V,ห้วยเล็ง,เพชรบูรณ์,17.2,0.8,8.088,47.023,10.079,58.599,0,0.052,9.279,354
290,tmp_W4WZ0XGSBY,ห้วยขุนแก้ว,อุทัยธานี,43.41,2.17,16.27,37.48,11.92,27.459,0,0,9.75,355
291,tmp_W4XY407CUF,ซับตะเคียน,ลพบุรี,8.42,0.35,5.5,65.321,1.921,22.815,0,0,1.571,356
292,tmp_W4XT55D2PM,ห้วยโป่ง,ลพบุรี,2.07,0.049,0.168,8.116,0.17,8.213,0,0,0.121,357
293,tmp_W68PF90S1F,กุดตาเพชร,ลพบุรี,43,2,37.525,87.267,25.916,60.27,0,0.061,23.916,358
294,tmp_W4XWZ2ZJBS,ห้วยใหญ่ (วังแขม),ลพบุรี,12,0.212,6.632,55.267,3.923,32.692,0,0,3.711,359
295,tmp_W4XVCJJ2PR,ห้วยหิน,ลพบุรี,2.25,0.2,1.9,84.444,1.57,69.778,0,0.04,1.37,360
296,tmp_W4XFSMEC04,บ้านดง,สระบุรี,3.18,0.25,3.172,99.748,2.332,73.333,0.01,0,2.082,361
297,tmp_W4XF8VUVF3,คลองเพรียว,สระบุรี,7.2,0.097,7.2,100,7.2,100,0.12,0,7.103,362
298,tmp_W4XUJYJP3W,มวกเหล็ก,สระบุรี,61,1.1,22.637,37.11,33.756,55.338,0.134,0.035,32.656,364
299,tmp_W4WU87X61D,ห้วยท่าเดื่อ,สุพรรณบุรี,2.8,0.2,2.08,74.286,1.223,43.679,0,0,1.023,365
300,tmp_W4WSN7PS3Z,ลำตะเพิน,กาญจนบุรี,50,4.8,51.109,102.218,26.937,53.874,0,0.048,22.137,367
301,tmp_W4WG4XJHZW,ห้วยเทียน,กาญจนบุรี,10.65,1.4,5.981,56.16,1.812,17.014,0,0.019,0.412,368
302,tmp_W4WSK2YT8R,พุตะเคียน,กาญจนบุรี,4,0.24,3.899,97.475,1.875,46.875,0,0.008,1.635,369
303,tmp_W4QTNBDEUP,ชัฎป่าหวาย,ราชบุรี,2.5,0.032,2.167,86.68,2.418,96.72,0,0.007,2.386,370
304,tmp_W4QUF6FURR,ห้วยสำนักไม้เต็ง,ราชบุรี,45.48,2,35.304,77.625,21.466,47.199,0,0,19.466,371
305,tmp_W4QSX3NSPR,ห้วยมะหาด,ราชบุรี,4.3,0.22,4.333,100.767,4.014,93.349,0,0.011,3.794,372
306,tmp_W4QEW1RFKX,ท่าเคย,ราชบุรี,23.4,0.38,22.724,97.111,16.631,71.073,0,0.048,16.251,373
307,tmp_W4QB5C5MJC,ห้วยสามเขา,เพชรบุรี,3.4,0.12,3.4,100,2.44,71.765,0,0,2.32,374
308,tmp_W4QBM1R7XK,ห้วยสงสัย,เพชรบุรี,4.054,0.24,4.016,99.063,2.015,49.704,0,0,1.775,375
309,tmp_W4NZYH4FBP,ทุ่งขาม,เพชรบุรี,8,0.61,7.895,98.688,3.829,47.863,0,0.005,3.219,377
310,tmp_W4R02FZWU1,ห้วยตะแปด,เพชรบุรี,4,0.13,3.084,77.1,1.685,42.125,0,0,1.555,378
311,tmp_W4NZ9W3TSK,กระหร่างสาม,เพชรบุรี,6,0.22,5.347,89.117,5.127,85.45,0,0,4.907,379
312,tmp_W4QG5UKJST,ห้วยแม่ประจันต์,เพชรบุรี,42.2,2.04,25.241,59.813,14.745,34.941,0.017,0.069,12.705,380
313,tmp_W4QBEUM0WD,ห้วยผาก,เพชรบุรี,27.5,3,21.698,78.902,17.731,64.476,0.055,0.086,14.731,381
314,tmp_W4NCBDPVHU,คลองช่องลม,ประจวบคีรีขันธ์,5.5,0.3,5.579,101.436,3.935,71.545,0,0.01,3.635,382
315,tmp_W4NC8N0P1B,คลองจะกระ,ประจวบคีรีขันธ์,10.4,0.5,10.481,100.779,7.825,75.24,0,0.021,7.325,383
316,tmp_W4NUSPHN4R,ยางชุม,ประจวบคีรีขันธ์,41.1,4,34.12,83.017,30.614,74.487,0,0.041,26.614,384
317,tmp_W4NGUEV0S8,คลองบึง,ประจวบคีรีขันธ์,22.2,0.8,22.44,101.081,16.629,74.905,0,0.021,15.829,385
318,tmp_W4NUHDEFV5,ห้วยหิน,ประจวบคีรีขันธ์,2.8,0.15,2.391,85.393,2.136,76.286,0,0,1.986,386
319,tmp_W4NZKQYUCV,ห้วยไทรงาม,ประจวบคีรีขันธ์,9.5,0.9,8.77,92.316,7.719,81.253,0,0.01,6.819,387
320,tmp_W4NVJS8QWT,ห้วยวังเต็น,ประจวบคีรีขันธ์,11.4,0.67,10.106,88.649,6.534,57.316,0,0,5.864,388
321,tmp_W4NZWCQ227,ห้วยมงคล,ประจวบคีรีขันธ์,5.85,0.24,5.923,101.248,4.576,78.222,0,0,4.336,389
322,tmp_W1QW9Q59J9,บางกำปรัด,กระบี่,16,2.5,12.638,78.987,11.115,69.469,0,0.013,8.615,390
323,tmp_W1W2BT8Y6M,ห้วยลึก,กระบี่,2.45,0.06,1.98,80.816,2.062,84.163,0.009,0.009,2.002,391
324,tmp_W1QT2CZKK6,ห้วยน้ำเขียว,กระบี่,7.3,0.156,5.7,78.082,3.875,53.082,0.014,0.025,3.719,392
325,tmp_W1W22YT61N,คลองหยา,กระบี่,3.2,0.04,2.867,89.594,3.2,100,0.011,0.011,3.16,393
326,tmp_W1QQUK043V,คลองแห้ง,กระบี่,12.5,1,7.876,63.008,8.209,65.672,0.035,0.053,7.209,394
327,tmp_W1QUYCW3HJ,ห้วยน้ำใส,นครศรีธรรมราช,80,2,39.669,49.586,50.631,63.289,0.222,0.174,48.631,395
328,tmp_W1WBBDJQKZ,คลองกะทูน,นครศรีธรรมราช,70.5,14.3,54.01,76.61,57.21,81.149,0.519,0.259,42.91,396
329,tmp_W1WBFRV0M9,คลองดินแดง,นครศรีธรรมราช,60,13,45.72,76.2,43.99,73.317,0.266,0.216,30.99,398
330,tmp_W1MUVEKZTB,บางวาด,ภูเก็ต,10.2,0.27,6.9,67.647,3.706,36.333,0.008,0.029,3.436,399
331,tmp_W1MVMD2BPY,บางเหนียวดำ,ภูเก็ต,7.2,0.11,2.88,40,0.676,9.389,0.007,0.013,0.566,400
332,tmp_W1QUSGB1FY,คลองท่างิ้ว,ตรัง,18.5,0.4,14.36,77.622,13.88,75.027,0.115,0.067,13.48,401
333,tmp_W1R0TR9PHW,คลองป่าบอน,พัทลุง,20,0.9,5.54,27.7,11.93,59.65,0.095,0,11.03,403
334,tmp_W1QUP72ZBW,ป่าพะยอม,พัทลุง,20.5,0.8,11.15,54.39,10.96,53.463,0.048,0,10.16,404
335,tmp_W1R1EDKZGJ,คลองหัวช้าง,พัทลุง,30,0.55,16.23,54.1,19.63,65.433,0.097,0,19.08,405
336,tmp_W1PQG4BMJ1,คลองจำไหร,สงขลา,6,0.06,3.69,61.5,4.65,77.5,0,0,4.59,406
337,tmp_W1PR4G6B95,คลองหลา,สงขลา,21.42,0.15,15.18,70.868,9.71,45.331,0.008,0.008,9.56,407
338,tmp_W1PMRJNF2P,คลองสะเดา,สงขลา,56.741,1.55,35.655,62.838,36.974,65.163,0.113,0.053,35.424,408
339,tmp_W1W1XYN6X9,บางทรายนวล,สุราษฎร์ธานี,2.2,0.1,1.735,78.864,1.96,89.091,0,0,1.86,409
340,tmp_W30KMBZ80U,ใกล้บ้าน,นราธิวาส,3.73,0.05,3.05,81.769,2.49,66.756,0.032,0,2.44,411
341,tmp_W1Y0W55Y62,คลองหาดส้มแป้น,ระนอง,10,0.18,8.081,80.81,7.772,77.72,0.05,0.044,7.592,412
342,tmp_W5QBTBS30C,เขื่อนแม่ขาม,ลำปาง,35.98,,,,19.0432,52.92718177,,,,
343,tmp_W4W91CXWB8,เขื่อนท่าทุ่งนา,กาญจนบุรี,55.03,,,,46.19,83.93603489,,,,
344,tmp_W6BMKMKYYF,เขื่อนห้วยกุ่ม,ชัยภูมิ,20.23,,,,3.65,18.04251112,,,,
345,tmp_W5W3XNBMM1,แม่มาว,เชียงใหม่,20.6,,,,13.75,66.74757282,,,,
346,tmp_W5RHW5KTGT,ห้วยแม่ผง,พะเยา,5.08,,,,3.54,69.68503937,,,,
347,tmp_W62B8FKJ6V,คิรีธาร,จันทบุรี,75.8,,,,66.625,87.89577836,,,,
348,tmp_W6BEDBFMK3,ห้วยประทาว (เขื่อนบน),ชัยภูมิ,44,,,,8.963,20.37045455,,,,
349,tmp_W6BE65K5P1,ห้วยประทาว (เขื่อนล่าง),ชัยภูมิ,16.4,,,,14.316,87.29268293,,,,
350,tmp_W628UG0BT5,คลองทุ่งเพล (เขื่อนพลวง),จันทบุรี,80,,,,71.201,89.00125,,,,